{
  "results": [
    {
      "command": "DEFER=true zsh -ic exit",
      "mean": 0.048640971429999985,
      "stddev": 0.005613181401414771,
      "median": 0.04690062043,
      "user": 0.03366790745283019,
      "system": 0.017531407547169812,
      "min": 0.040796690430000004,
      "max": 0.06379290743,
      "times": [
        0.05480706143,
        0.06379290743,
        0.046357474430000004,
        0.04780373343000001,
        0.04690062043,
        0.04733167143,
        0.04764920243000001,
        0.05681487543000001,
        0.053573474430000004,
        0.04581113943000001,
        0.05901452343000001,
        0.05007413143,
        0.04714142743000001,
        0.04461980243000001,
        0.049606834429999996,
        0.049286237430000004,
        0.05600693743,
        0.05020625343,
        0.049234877430000004,
        0.04447303543,
        0.060233574430000006,
        0.04551329543,
        0.04570807843000001,
        0.044413855429999996,
        0.044023152430000004,
        0.04441664843,
        0.044908723430000005,
        0.042124576430000005,
        0.04519058443,
        0.040796690430000004,
        0.04622235543,
        0.04512647343000001,
        0.044731125430000004,
        0.04362501043,
        0.04956419543,
        0.04555359743000001,
        0.04224890343,
        0.04250472343,
        0.04281601443000001,
        0.04291593843000001,
        0.056544973430000006,
        0.04781081443,
        0.05117287543,
        0.05724102143,
        0.05408827243,
        0.04368873043,
        0.04391437543,
        0.05047139643000001,
        0.044607232430000004,
        0.05580139843000001,
        0.05072964643,
        0.06277758343,
        0.04597942843
      ]
    }
  ]
}
