{
  "results": [
    {
      "command": "DEFER=true zsh -ic exit",
      "mean": 0.04408826547542374,
      "stddev": 0.0046112001119017355,
      "median": 0.043333781950000004,
      "user": 0.03147108627118643,
      "system": 0.013007148135593219,
      "min": 0.036796790950000005,
      "max": 0.05643224295,
      "times": [
        0.049983944950000005,
        0.04224083595,
        0.03768259795,
        0.04053095795,
        0.04717342095,
        0.042029900950000004,
        0.044663129950000005,
        0.04404756395,
        0.048085803950000006,
        0.038860229950000005,
        0.046246132950000005,
        0.03934146295,
        0.04061244395,
        0.03944871195,
        0.03981003495,
        0.037064181950000004,
        0.03811279595,
        0.051994533950000005,
        0.040919476950000006,
        0.040067757950000005,
        0.040834844950000004,
        0.047998641950000004,
        0.04812458195,
        0.04254010095,
        0.04169698795,
        0.054286708950000005,
        0.047674220950000006,
        0.045000544950000006,
        0.04468526795,
        0.05566390995000001,
        0.04329445995,
        0.04172052795,
        0.05155959995000001,
        0.04349623995,
        0.03974513895,
        0.04127045395,
        0.044312754950000005,
        0.04231623495,
        0.05106621295,
        0.044764690950000005,
        0.048170265950000006,
        0.048642516950000006,
        0.04127367095,
        0.04716761195,
        0.04331184995,
        0.05643224295,
        0.04538218395,
        0.036796790950000005,
        0.04288686195,
        0.038715138950000005,
        0.043333781950000004,
        0.04762275195,
        0.04335254295,
        0.04237963895,
        0.039757695950000005,
        0.04512809695,
        0.043490603950000005,
        0.04849029195,
        0.037905078950000004
      ]
    }
  ]
}
