{
  "results": [
    {
      "command": "DEFER=true zsh -ic exit",
      "mean": 0.07128017800717393,
      "stddev": 0.006123018029464291,
      "median": 0.071159307855,
      "user": 0.05357020304347825,
      "system": 0.017950902391304344,
      "min": 0.06240148235500001,
      "max": 0.08726624335500001,
      "times": [
        0.063935509355,
        0.065540235355,
        0.07873869635500001,
        0.064538251355,
        0.06720535835500001,
        0.071625357355,
        0.07765827735500001,
        0.06577458635500001,
        0.06628730235500001,
        0.07727658635500001,
        0.08726624335500001,
        0.068730788355,
        0.069399105355,
        0.08053766935500001,
        0.072680677355,
        0.06583673735500001,
        0.07069325835500001,
        0.071697465355,
        0.06573764335500001,
        0.064639838355,
        0.083085081355,
        0.073027324355,
        0.06680366535500001,
        0.07575335735500001,
        0.06454191335500001,
        0.06297701635500001,
        0.07703346935500001,
        0.07712803935500001,
        0.066355125355,
        0.07600148035500001,
        0.074298191355,
        0.07634934535500001,
        0.07565555735500001,
        0.072936610355,
        0.067862303355,
        0.08423367835500001,
        0.065603703355,
        0.076785593355,
        0.07172356035500001,
        0.06622687135500001,
        0.06240148235500001,
        0.07229064935500001,
        0.06938158635500001,
        0.064904061355,
        0.066048890355,
        0.073680044355
      ]
    }
  ]
}
