{
  "results": [
    {
      "command": "DEFER=true zsh -ic exit",
      "mean": 0.6886233463350001,
      "stddev": 0.023964973170370787,
      "median": 0.682601229035,
      "user": 0.524476275,
      "system": 0.26290807,
      "min": 0.661973526035,
      "max": 0.742163787035,
      "times": [
        0.699815810035,
        0.690359034035,
        0.661973526035,
        0.709559793035,
        0.677278777035,
        0.663999315035,
        0.742163787035,
        0.675880963035,
        0.687870327035,
        0.677332131035
      ]
    }
  ]
}
