{
  "results": [
    {
      "command": "DEFER=true zsh -ic exit",
      "mean": 0.04885054887938597,
      "stddev": 0.004679365216261303,
      "median": 0.047658499125,
      "user": 0.036080452894736846,
      "system": 0.013615919122807017,
      "min": 0.041692722125,
      "max": 0.061464240125,
      "times": [
        0.051630857125,
        0.048433252125,
        0.045953514125,
        0.043499556125,
        0.043645577125,
        0.055503742125,
        0.045553652124999996,
        0.048622671125,
        0.050925025125,
        0.051559966125,
        0.043349224125,
        0.048219039125,
        0.042309065124999996,
        0.044622057125,
        0.050445823125,
        0.049291065125,
        0.047448764125,
        0.054795301125,
        0.046331072125,
        0.050412192125,
        0.048395643125,
        0.047658499125,
        0.049621732125,
        0.050717891125,
        0.055674035125,
        0.045587208125,
        0.043350650125,
        0.048149584125,
        0.047829288125,
        0.042180276125,
        0.046564232125,
        0.046971308125,
        0.051538566125,
        0.047270383125,
        0.048886848125,
        0.060759809125,
        0.048860123125,
        0.061464240125,
        0.055303879125000004,
        0.046326484125,
        0.045626219125,
        0.043238471125,
        0.046541219125,
        0.041783316125,
        0.054986186125,
        0.047177222125,
        0.047627821125,
        0.047517084125,
        0.053513234125,
        0.047322339125,
        0.053870027125,
        0.055724473125,
        0.046601499125,
        0.047539146125,
        0.060792808125,
        0.041692722125,
        0.047265401125
      ]
    }
  ]
}
