{
  "results": [
    {
      "command": "DEFER=true zsh -ic exit",
      "mean": 0.04352839352788731,
      "stddev": 0.004734512380428456,
      "median": 0.04219432988,
      "user": 0.030896007253521127,
      "system": 0.013273417816901414,
      "min": 0.037856726880000004,
      "max": 0.05827433388,
      "times": [
        0.04144378788,
        0.03789302088,
        0.04440760288,
        0.03855356588,
        0.03821668688,
        0.03982368588,
        0.04027323388,
        0.05197642588,
        0.037856726880000004,
        0.04369062588,
        0.04150119488,
        0.04326820888,
        0.04253889188,
        0.052771392880000004,
        0.049793284880000004,
        0.05252044688,
        0.04264751388,
        0.03947059688,
        0.04271758388,
        0.041365220880000005,
        0.04601114288,
        0.048555843880000005,
        0.03881505388,
        0.05583397988,
        0.03803217588,
        0.05551456488,
        0.04217400188,
        0.04159760588,
        0.04090925988,
        0.04053281888,
        0.04199998788,
        0.043544657880000004,
        0.04247534588,
        0.04197783588,
        0.04371747588,
        0.039064766880000004,
        0.04204701188,
        0.046306104880000004,
        0.04589693888,
        0.03930238588,
        0.04198875588,
        0.04310011288,
        0.03803283388,
        0.04219432988,
        0.03966054288,
        0.03967062088,
        0.04363318888,
        0.04732598288,
        0.04380424488,
        0.04696089088,
        0.04318358588,
        0.049319463880000004,
        0.04198743788,
        0.05827433388,
        0.04519083488,
        0.04068419588,
        0.04489066788,
        0.03858984188,
        0.04100970788,
        0.045323663880000004,
        0.03862732288,
        0.054533721880000004,
        0.04599484088,
        0.04013202688,
        0.040560169880000004,
        0.03980145188,
        0.049795288880000003,
        0.04223348088,
        0.04729037588,
        0.03987660188,
        0.03980676288
      ]
    }
  ]
}
