{
  "results": [
    {
      "command": "zsh -ic exit",
      "mean": 2.59518297513,
      "stddev": 0.2532318010891003,
      "median": 2.70564569933,
      "user": 3.0887346950000003,
      "system": 1.32486228,
      "min": 2.12694911083,
      "max": 2.8006310928300002,
      "times": [
        2.69571470183,
        2.7658270218300003,
        2.77608780783,
        2.71151558283,
        2.12694911083,
        2.6997758158300003,
        2.34663225783,
        2.2456348358300002,
        2.7830615238300003,
        2.8006310928300002
      ]
    }
  ]
}
