{
  "results": [
    {
      "command": "zsh -ic exit",
      "mean": 24.472882347905003,
      "stddev": 0.2972821263682997,
      "median": 24.469055462805002,
      "user": 17.748440789999997,
      "system": 6.58745476,
      "min": 23.973116588805002,
      "max": 24.925666295805,
      "times": [
        24.118065766805003,
        24.358927352805,
        24.925666295805,
        24.348228375805,
        24.550199206805,
        24.398256060805,
        24.697901861805,
        24.539854864805,
        23.973116588805002,
        24.818607104805
      ]
    }
  ]
}
