{
  "results": [
    {
      "command": "zsh -ic exit",
      "mean": 26.5953178201,
      "stddev": 1.0718622035324068,
      "median": 26.352112050400002,
      "user": 19.436352125,
      "system": 7.409605449999999,
      "min": 25.2122128809,
      "max": 28.4521017609,
      "times": [
        26.1751327879,
        26.646038549900002,
        26.0168457029,
        26.086914174900002,
        26.5290913129,
        28.4521017609,
        27.3705764069,
        28.0671025039,
        25.397162119900003,
        25.2122128809
      ]
    }
  ]
}
