{
  "results": [
    {
      "command": "zsh -ic exit",
      "mean": 10.04535567041,
      "stddev": 0.39423915107576074,
      "median": 9.86200725271,
      "user": 2.7261058549999997,
      "system": 1.4038644249999996,
      "min": 9.77108104221,
      "max": 11.08559059921,
      "times": [
        9.80752259121,
        10.15478158121,
        9.82583705121,
        10.160539410210001,
        10.08512081121,
        9.87044166821,
        9.77108104221,
        11.08559059921,
        9.85357283721,
        9.83906911221
      ]
    }
  ]
}
