{
  "results": [
    {
      "command": "zsh -ic exit",
      "mean": 1.4944667189250005,
      "stddev": 0.15633891217893767,
      "median": 1.455894023325,
      "user": 2.3983660999999996,
      "system": 1.0677103350000001,
      "min": 1.383029013825,
      "max": 1.9291472118250002,
      "times": [
        1.9291472118250002,
        1.4641020098250002,
        1.418970200825,
        1.480960681825,
        1.4277349358250002,
        1.4286643148250002,
        1.458593400825,
        1.383029013825,
        1.500270773825,
        1.453194645825
      ]
    }
  ]
}
