{
  "results": [
    {
      "command": "zsh -ic exit",
      "mean": 9.814367950870002,
      "stddev": 0.24824956390476907,
      "median": 9.74706689067,
      "user": 2.6381441449999996,
      "system": 1.3684492900000003,
      "min": 9.54939283417,
      "max": 10.34138144217,
      "times": [
        9.62636225517,
        9.54939283417,
        10.09863052117,
        9.74738958517,
        9.70660773417,
        9.57885300117,
        9.74674419617,
        9.93439047917,
        10.34138144217,
        9.81392746017
      ]
    }
  ]
}
