{
  "results": [
    {
      "command": "zsh -ic exit",
      "mean": 9.960944414735,
      "stddev": 0.3307543661798315,
      "median": 9.826474270335002,
      "user": 2.73108059,
      "system": 1.3789667199999998,
      "min": 9.641055006335,
      "max": 10.465889564335,
      "times": [
        9.677885602335,
        10.465889564335,
        10.309271539335,
        9.683231954335,
        9.641055006335,
        9.685107118335,
        9.967841422335,
        10.259282081335,
        10.262898480335,
        9.656981378335
      ]
    }
  ]
}
