{
  "results": [
    {
      "command": "zsh -ic exit",
      "mean": 1.409503438875,
      "stddev": 0.04155634488243264,
      "median": 1.410276094875,
      "user": 2.3912499950000004,
      "system": 1.063835525,
      "min": 1.352156026875,
      "max": 1.474693894875,
      "times": [
        1.4189911448749999,
        1.4560339228749999,
        1.379093298875,
        1.368888350875,
        1.401561044875,
        1.352156026875,
        1.371725585875,
        1.474693894875,
        1.423992249875,
        1.447898868875
      ]
    }
  ]
}
