{
  "results": [
    {
      "command": "zsh -ic exit",
      "mean": 2.6620753628400005,
      "stddev": 0.18556109025907874,
      "median": 2.73603664864,
      "user": 3.1061714799999995,
      "system": 1.381997,
      "min": 2.3095314336399997,
      "max": 2.79679527164,
      "times": [
        2.77092557064,
        2.79679527164,
        2.78569579964,
        2.69817686864,
        2.73971998764,
        2.75011537064,
        2.7177245976399997,
        2.31971541864,
        2.3095314336399997,
        2.73235330964
      ]
    }
  ]
}
