{
  "results": [
    {
      "command": "zsh -ic exit",
      "mean": 5.181058434704999,
      "stddev": 0.6957151812304573,
      "median": 4.920123003304999,
      "user": 8.640668325,
      "system": 3.874728915,
      "min": 4.683110746804999,
      "max": 6.860066577805,
      "times": [
        4.797659554805,
        5.975113278805,
        4.9348884618049995,
        4.683110746804999,
        4.8117032618049995,
        4.905357544805,
        4.749481631805,
        4.956632744805,
        5.136570543805,
        6.860066577805
      ]
    }
  ]
}
