{
  "results": [
    {
      "command": "zsh -ic exit",
      "mean": 9.641320212124999,
      "stddev": 0.4490353524769487,
      "median": 9.411645636724998,
      "user": 2.5539242299999994,
      "system": 1.271175355,
      "min": 9.286813338724999,
      "max": 10.630771928724998,
      "times": [
        9.414707490724998,
        9.353069564724999,
        9.330259426724998,
        9.286813338724999,
        9.944445552725,
        10.140849483724999,
        10.630771928724998,
        9.408583782725,
        9.527436120725,
        9.376265431724999
      ]
    }
  ]
}
