{
  "results": [
    {
      "command": "zsh -ic exit",
      "mean": 2.83665145532,
      "stddev": 0.1083213559414168,
      "median": 2.84189909122,
      "user": 3.3291970750000006,
      "system": 1.494760795,
      "min": 2.59563941172,
      "max": 2.98437140372,
      "times": [
        2.8331296687200003,
        2.84251476472,
        2.75432382972,
        2.84128341772,
        2.98437140372,
        2.8839982447200003,
        2.88522265772,
        2.9491798857200004,
        2.7968512687200002,
        2.59563941172
      ]
    }
  ]
}
