{
  "results": [
    {
      "command": "zsh -ic exit",
      "mean": 25.14702474211,
      "stddev": 0.31752603018892406,
      "median": 25.16030531031,
      "user": 18.369925235,
      "system": 6.935006079999999,
      "min": 24.57914820381,
      "max": 25.64203646681,
      "times": [
        24.724450000810002,
        25.377646113810002,
        25.11031839681,
        25.64203646681,
        25.13601691481,
        25.02289963381,
        25.27513298581,
        25.41800499881,
        25.18459370581,
        24.57914820381
      ]
    }
  ]
}
