{
  "results": [
    {
      "command": "zsh -ic exit",
      "mean": 9.509687080345,
      "stddev": 0.22427728698917915,
      "median": 9.486611268045,
      "user": 2.5079632,
      "system": 1.28487861,
      "min": 9.222210925045,
      "max": 9.912782777044999,
      "times": [
        9.603380113044999,
        9.500099004045,
        9.831333077044999,
        9.473123532045,
        9.339127615045,
        9.265568544045,
        9.437425489045,
        9.222210925045,
        9.511819727045,
        9.912782777044999
      ]
    }
  ]
}
