{
  "results": [
    {
      "command": "zsh -ic exit",
      "mean": 9.941879654175,
      "stddev": 0.6504981640193724,
      "median": 9.686049176775,
      "user": 2.5894041,
      "system": 1.2693490649999997,
      "min": 9.367642201275,
      "max": 11.286395631275001,
      "times": [
        9.367642201275,
        9.598917841275,
        9.644633854275,
        9.727464499275,
        11.286395631275001,
        10.037913507275,
        9.398134427275,
        9.776207460275,
        10.940037969275,
        9.641449150275
      ]
    }
  ]
}
