{
  "results": [
    {
      "command": "zsh -ic exit",
      "mean": 1.47452106478,
      "stddev": 0.19181688096035007,
      "median": 1.39696510388,
      "user": 2.3809143199999996,
      "system": 1.012602745,
      "min": 1.31385302188,
      "max": 1.97862831188,
      "times": [
        1.31385302188,
        1.3931686558799998,
        1.35679512088,
        1.97862831188,
        1.53155024988,
        1.4701972528799998,
        1.37027670288,
        1.39093777688,
        1.4007615518799998,
        1.53904200288
      ]
    }
  ]
}
