{
  "results": [
    {
      "command": "zsh -ic exit",
      "mean": 0.7179258783600001,
      "stddev": 0.046715522819308145,
      "median": 0.70696749276,
      "user": 0.548532715,
      "system": 0.28192825499999996,
      "min": 0.66404977976,
      "max": 0.8212877377600001,
      "times": [
        0.6768959827600001,
        0.66404977976,
        0.7010465717600001,
        0.8212877377600001,
        0.76035416176,
        0.7306837727600001,
        0.71288841376,
        0.7354908127600001,
        0.6922744577600001,
        0.68428709276
      ]
    }
  ]
}
