{
  "results": [
    {
      "command": "zsh -ic exit",
      "mean": 0.17142846471833334,
      "stddev": 0.011278060920932819,
      "median": 0.169829818185,
      "user": 0.12287461166666667,
      "system": 0.053634453333333325,
      "min": 0.156133768185,
      "max": 0.193928451185,
      "times": [
        0.187088478185,
        0.173793842185,
        0.193928451185,
        0.182399153185,
        0.171186505185,
        0.167398484185,
        0.165483963185,
        0.184332350185,
        0.16277612118499998,
        0.169829818185,
        0.156406571185,
        0.161919726185,
        0.174339130185,
        0.164410608185,
        0.156133768185
      ]
    }
  ]
}
