{
  "results": [
    {
      "command": "DEFER=true zsh -ic exit",
      "mean": 0.04573514589205882,
      "stddev": 0.0050543957823272895,
      "median": 0.044054848745,
      "user": 0.03185834617647059,
      "system": 0.016164762352941175,
      "min": 0.039038715745,
      "max": 0.06272400674499999,
      "times": [
        0.042783806745,
        0.043856006745,
        0.044929262745000004,
        0.046736607745000006,
        0.042387296745000004,
        0.046047945745000006,
        0.042630360745000005,
        0.042416305745,
        0.050388023745,
        0.060765068745000005,
        0.04531376274500001,
        0.061460741745000005,
        0.06272400674499999,
        0.054708259745,
        0.042247891745,
        0.041109211745000006,
        0.042287760745,
        0.053100174745000006,
        0.052825058745,
        0.050285496745000005,
        0.049110286745,
        0.042437980745000006,
        0.044605589745,
        0.045699368745,
        0.047092467745000005,
        0.046599262745,
        0.044166684745000004,
        0.043943012745,
        0.039038715745,
        0.043591068745,
        0.047175206745,
        0.042346447745,
        0.041616401745,
        0.042491905745,
        0.041230265745,
        0.048191063745000005,
        0.045129632745,
        0.042865143745,
        0.043594277745,
        0.049663677745,
        0.044803941745000006,
        0.042053247745,
        0.047270449745000005,
        0.043419953745,
        0.046915139745,
        0.053012392745000005,
        0.046072772745000004,
        0.043248086745000004,
        0.046841676745000005,
        0.047021859745000005,
        0.041571030745,
        0.049846957745,
        0.045641281745000005,
        0.040747850745,
        0.043375096745,
        0.045520154745000006,
        0.040159457745,
        0.043840296745,
        0.042612171745,
        0.04644332574500001,
        0.041354053745,
        0.041889080745,
        0.042740961745,
        0.057776016745000006,
        0.041161178745000006,
        0.041599350745000006,
        0.042153639745000006,
        0.041306979745
      ]
    }
  ]
}
