{
  "results": [
    {
      "command": "DEFER=true zsh -ic exit",
      "mean": 0.07427454217096773,
      "stddev": 0.00954928461434893,
      "median": 0.0719492233,
      "user": 0.055231895322580646,
      "system": 0.019308793709677415,
      "min": 0.0627822503,
      "max": 0.1005988073,
      "times": [
        0.0956572133,
        0.0746000933,
        0.0735273383,
        0.0740466833,
        0.0805167083,
        0.0735459993,
        0.07690044730000001,
        0.0876357673,
        0.0723028843,
        0.0649239063,
        0.0651017303,
        0.0712129673,
        0.0692021473,
        0.0706693833,
        0.0652979993,
        0.0716758613,
        0.0719458703,
        0.0762144643,
        0.0747435173,
        0.0697007553,
        0.0719492233,
        0.0627822503,
        0.0633869883,
        0.0696697163,
        0.0642368943,
        0.0681102803,
        0.0675305323,
        0.1005988073,
        0.0968256243,
        0.0775896563,
        0.0804090973
      ]
    }
  ]
}
