{
  "results": [
    {
      "command": "DEFER=true zsh -ic exit",
      "mean": 0.658852618245,
      "stddev": 0.020519033831669812,
      "median": 0.656639781645,
      "user": 0.51253926,
      "system": 0.24040170500000002,
      "min": 0.633704644645,
      "max": 0.691802403645,
      "times": [
        0.691802403645,
        0.647158139645,
        0.678633957645,
        0.638151877645,
        0.633704644645,
        0.663586337645,
        0.636877702645,
        0.6788333306450001,
        0.649693225645,
        0.670084562645
      ]
    }
  ]
}
