{
  "results": [
    {
      "command": "DEFER=true zsh -ic exit",
      "mean": 0.04686228251769231,
      "stddev": 0.005213493556158607,
      "median": 0.04559327846,
      "user": 0.030730512692307678,
      "system": 0.016531857692307694,
      "min": 0.03918507296,
      "max": 0.058452321960000005,
      "times": [
        0.05644573796,
        0.05693644596,
        0.03918507296,
        0.04729166396,
        0.04585239996,
        0.05176641696,
        0.051268396960000004,
        0.04402540896,
        0.045773397960000003,
        0.04191508796,
        0.05748532996,
        0.04667537496,
        0.04583746096,
        0.04485816296,
        0.047493448960000004,
        0.05225424596,
        0.05172986296,
        0.04091043196,
        0.04442705096,
        0.03958781296,
        0.04043700296,
        0.04488102596,
        0.04268710996,
        0.04037009796,
        0.04487809596,
        0.04433137496,
        0.04536871996,
        0.04089936696,
        0.04027626096,
        0.04236074296,
        0.04597922696,
        0.058452321960000005,
        0.05185137696,
        0.04305502096,
        0.04413080196,
        0.044874125960000004,
        0.04490233896,
        0.05002247296,
        0.04382167296,
        0.04587216496,
        0.04081566796,
        0.05377107996,
        0.05050765396,
        0.04814713896,
        0.04541315896,
        0.04021717196,
        0.05771509296,
        0.05217785296,
        0.05192099096,
        0.04316213396,
        0.05109410996,
        0.05072610296
      ]
    }
  ]
}
