{
  "results": [
    {
      "command": "DEFER=true zsh -ic exit",
      "mean": 0.043497388912945224,
      "stddev": 0.00483253087971175,
      "median": 0.042533914365,
      "user": 0.031482307397260295,
      "system": 0.012402676438356167,
      "min": 0.037271260365,
      "max": 0.056917395365000005,
      "times": [
        0.040217032365,
        0.040876374365,
        0.048478859365,
        0.055414545365000005,
        0.043176545365000006,
        0.039263040365,
        0.039799170365000004,
        0.043157136365,
        0.041459285365,
        0.04033601236500001,
        0.037271260365,
        0.037958049365,
        0.048271215365,
        0.039826853365000005,
        0.039779161365,
        0.056917395365000005,
        0.053423431365,
        0.054220599365000004,
        0.041660501365000005,
        0.046984063365,
        0.042280346365000006,
        0.043460517365000007,
        0.042533914365,
        0.047397791365000004,
        0.040498000365,
        0.039644314365,
        0.040496133365000006,
        0.045546488365000005,
        0.042756933365000006,
        0.044580117365000005,
        0.041552972365,
        0.043501960365,
        0.056903520365,
        0.040061700365,
        0.042919792365,
        0.040003365365,
        0.038985155365,
        0.048428927365000006,
        0.040148472365,
        0.043874990365000005,
        0.045594119365000005,
        0.039171597365000005,
        0.044199329365000005,
        0.037994930365000006,
        0.039205152365,
        0.038720191365000003,
        0.043489376365000006,
        0.039389788365000004,
        0.042280110365000005,
        0.042683138365000005,
        0.038987306365,
        0.038345203365000004,
        0.038265382365,
        0.051751351365,
        0.046711676365,
        0.038241704365000004,
        0.050073620365,
        0.042167330365000005,
        0.039116926365000006,
        0.042399263365,
        0.039348018365,
        0.05643059936500001,
        0.040919146365000006,
        0.042796970365000006,
        0.042147431365,
        0.045811591365,
        0.04867986236500001,
        0.042921098365,
        0.043514133365000006,
        0.043755915365,
        0.047243022365000005,
        0.044075951365000005,
        0.044812206365
      ]
    }
  ]
}
