{
  "results": [
    {
      "command": "DEFER=true zsh -ic exit",
      "mean": 0.04623405295746032,
      "stddev": 0.004393861729792586,
      "median": 0.045890780639999997,
      "user": 0.033073548492063495,
      "system": 0.01547238182539682,
      "min": 0.03942295064,
      "max": 0.05897216864,
      "times": [
        0.04614341364,
        0.04099297164,
        0.04116113464,
        0.04726726464,
        0.05618048264,
        0.04122004564,
        0.04576277264,
        0.04594404564,
        0.04330744864,
        0.04212729664,
        0.04098822264,
        0.04082875964,
        0.04610858764,
        0.04409866564,
        0.04157723564,
        0.04311732564,
        0.043103996639999996,
        0.04090273764,
        0.05171661964,
        0.04570910664,
        0.04218835264,
        0.05074227264,
        0.04779722064,
        0.04676040164,
        0.05130838064,
        0.04091694164,
        0.04250721664,
        0.04172476964,
        0.04359817464,
        0.045171680639999996,
        0.04642902564,
        0.04459623964,
        0.04769522564,
        0.04402176564,
        0.04559169364,
        0.05088482264,
        0.04681140264,
        0.04742932364,
        0.04178626364,
        0.04053575364,
        0.04879443364,
        0.04435699164,
        0.05742513864,
        0.05106524864,
        0.04608549364,
        0.04345603864,
        0.05094959264,
        0.04769668964,
        0.04888503364,
        0.04985328364,
        0.05035084964,
        0.05897216864,
        0.04182721164,
        0.05301291464,
        0.05221826564,
        0.04307417764,
        0.05166568564,
        0.05181970064,
        0.045890780639999997,
        0.04681491564,
        0.04696612164,
        0.045386587639999997,
        0.03942295064
      ]
    }
  ]
}
