{
  "results": [
    {
      "command": "zsh -ic exit",
      "mean": 0.266546197855,
      "stddev": 0.010836419917072609,
      "median": 0.265452173955,
      "user": 0.19306834999999997,
      "system": 0.11271983,
      "min": 0.248177309955,
      "max": 0.283220176955,
      "times": [
        0.273572539955,
        0.267970998955,
        0.271166955955,
        0.280359276955,
        0.25688209095500003,
        0.283220176955,
        0.261065792955,
        0.248177309955,
        0.26011348695500003,
        0.262933348955
      ]
    }
  ]
}
