{
  "results": [
    {
      "command": "DEFER=true zsh -ic exit",
      "mean": 0.05020018058016948,
      "stddev": 0.005321178981697897,
      "median": 0.04911202397,
      "user": 0.035097441779661,
      "system": 0.015963955677966105,
      "min": 0.04167447497000001,
      "max": 0.06324328397000001,
      "times": [
        0.049387237970000004,
        0.049059641970000005,
        0.04964047397,
        0.046399979970000005,
        0.044254184970000006,
        0.05419439697,
        0.057596333970000003,
        0.05122522797,
        0.052646271970000005,
        0.05419227997000001,
        0.046089810970000006,
        0.044957623970000006,
        0.05597433797,
        0.05020724697000001,
        0.048403737970000006,
        0.053840472970000004,
        0.056616328970000004,
        0.04418018097,
        0.049548186970000005,
        0.06234460297000001,
        0.05462517897000001,
        0.05132652297,
        0.04498741297,
        0.04762921397000001,
        0.054035156970000005,
        0.04229315697,
        0.05479300997000001,
        0.04895304997,
        0.04639231297,
        0.05156126297000001,
        0.04923498197,
        0.05444666497,
        0.06324328397000001,
        0.04895089297000001,
        0.04913849297,
        0.046666433970000004,
        0.04268190897,
        0.046940858970000006,
        0.05669897897000001,
        0.04767081797,
        0.06134365197,
        0.04167447497000001,
        0.046764866970000006,
        0.05819556397,
        0.06173754897,
        0.058906906970000006,
        0.04705507097,
        0.04997026697,
        0.04383787797,
        0.042967257970000006,
        0.04426394897,
        0.04669061597,
        0.04735678997000001,
        0.04908415197,
        0.04496246797,
        0.04911202397,
        0.04978154297,
        0.048551307970000006,
        0.04652616197000001
      ]
    }
  ]
}
