{
  "results": [
    {
      "command": "DEFER=true zsh -ic exit",
      "mean": 0.04384904576572465,
      "stddev": 0.005029477491214574,
      "median": 0.042528986215,
      "user": 0.031760939637681146,
      "system": 0.01277674376811594,
      "min": 0.036434321215,
      "max": 0.057238712215,
      "times": [
        0.042344987215000005,
        0.043336565215000004,
        0.042173553215,
        0.038897429215,
        0.044903461215,
        0.041752825215000004,
        0.043018889215,
        0.038022031215,
        0.037101678215,
        0.040095804215,
        0.042280368215,
        0.051587273215,
        0.042284390215,
        0.041606650215,
        0.052166407215,
        0.042528986215,
        0.047999308215,
        0.046901227215,
        0.045806300215000005,
        0.038983919215,
        0.043588306215000004,
        0.038354159215,
        0.036434321215,
        0.049698750215000004,
        0.039318182215000004,
        0.038704644215,
        0.041259073215000004,
        0.053878377215,
        0.038322310215,
        0.043996896215000005,
        0.043534533215000004,
        0.044112769215,
        0.057238712215,
        0.055264609215,
        0.038478362215,
        0.056626727215000006,
        0.047241356215,
        0.048857380215,
        0.045287260215,
        0.044571487215000004,
        0.043078247215000004,
        0.041700915215,
        0.041811488215000005,
        0.047227846215,
        0.038868651215,
        0.037914913215,
        0.038910198215000004,
        0.041489308215,
        0.052955397215000005,
        0.045602205215000004,
        0.055515220215,
        0.045329813215,
        0.042183645215,
        0.040221352215,
        0.050126896215,
        0.044683718215,
        0.044956490215,
        0.037362090215000004,
        0.045035010215000004,
        0.041622108215,
        0.039143091215,
        0.040913189215,
        0.038172111215,
        0.047015008215,
        0.042531303215,
        0.040678277215,
        0.048046941215,
        0.042104487215,
        0.041823963215
      ]
    }
  ]
}
