{
  "results": [
    {
      "command": "zsh -ic exit",
      "mean": 0.16869533411323534,
      "stddev": 0.008266257051424187,
      "median": 0.167922371525,
      "user": 0.12228444647058824,
      "system": 0.05187960470588235,
      "min": 0.15416235852500002,
      "max": 0.187985247525,
      "times": [
        0.16724246752500002,
        0.187985247525,
        0.16121757952500002,
        0.16681871252500002,
        0.167922371525,
        0.175897547525,
        0.16786037952500002,
        0.16989022452500002,
        0.170258159525,
        0.15416235852500002,
        0.172385989525,
        0.164385614525,
        0.17317267052500002,
        0.16051844352500003,
        0.15605852452500002,
        0.174402858525,
        0.177641530525
      ]
    }
  ]
}
