{
  "results": [
    {
      "command": "zsh -ic exit",
      "mean": 0.24769483759500002,
      "stddev": 0.012247711245406438,
      "median": 0.24835672059500002,
      "user": 0.18605644727272727,
      "system": 0.06665268772727272,
      "min": 0.22995446159500002,
      "max": 0.262753789595,
      "times": [
        0.25276384559500004,
        0.262753789595,
        0.262518171595,
        0.24835672059500002,
        0.26219936059500004,
        0.24201444859500001,
        0.234492674595,
        0.23652907759500003,
        0.237354937595,
        0.22995446159500002,
        0.25570572559500004
      ]
    }
  ]
}
