{
  "results": [
    {
      "command": "DEFER=true zsh -ic exit",
      "mean": 0.04464283701357145,
      "stddev": 0.005800811383326489,
      "median": 0.042627538485000005,
      "user": 0.03140058357142856,
      "system": 0.013914405285714285,
      "min": 0.037367218485000006,
      "max": 0.063850137485,
      "times": [
        0.041699675485000004,
        0.05652524348500001,
        0.039479386485000004,
        0.05566537648500001,
        0.041683326485000005,
        0.039768446485000004,
        0.04365449548500001,
        0.03950978048500001,
        0.050287839485000006,
        0.043963362485000004,
        0.05253553348500001,
        0.051901772485000004,
        0.041584249485,
        0.038341465485000004,
        0.04034913448500001,
        0.039514461485000006,
        0.042200429485,
        0.04778618348500001,
        0.039352763485000004,
        0.038734751485,
        0.045443929485000006,
        0.04399387348500001,
        0.056627905485000005,
        0.040012767485,
        0.038601145485,
        0.04033175848500001,
        0.048620733485000005,
        0.043898685485000005,
        0.040903320485000005,
        0.049509325485000005,
        0.037431916485,
        0.03889243748500001,
        0.04222329248500001,
        0.041374834485000005,
        0.037367218485000006,
        0.044573626485000004,
        0.038325394485000004,
        0.043135624485,
        0.04249652348500001,
        0.041000524485,
        0.05407326348500001,
        0.05099677148500001,
        0.048796332485,
        0.043345207485,
        0.051887572485000005,
        0.042213861485000004,
        0.063850137485,
        0.051910103485000005,
        0.04439203948500001,
        0.042015612485000006,
        0.05142466548500001,
        0.04168228148500001,
        0.038780233485,
        0.044325260485000004,
        0.04053293048500001,
        0.042889445485000004,
        0.056911559485000006,
        0.041825401485000004,
        0.048923911485000006,
        0.04014532648500001,
        0.042758553485,
        0.038357496485,
        0.042154551485000004,
        0.04932001448500001,
        0.03955382348500001,
        0.04564608848500001,
        0.042430194485,
        0.043659129485,
        0.04589568048500001,
        0.05499862548500001
      ]
    }
  ]
}
