{
  "results": [
    {
      "command": "zsh -ic exit",
      "mean": 0.17613727613000002,
      "stddev": 0.006847122393771519,
      "median": 0.17815560700500002,
      "user": 0.12535272749999998,
      "system": 0.055897767499999994,
      "min": 0.163059848005,
      "max": 0.189148291005,
      "times": [
        0.179597701005,
        0.16709553200500002,
        0.181863157005,
        0.17857435800500002,
        0.17804028200500002,
        0.17827093200500002,
        0.163059848005,
        0.18271509800500002,
        0.179736592005,
        0.176618557005,
        0.17498654900500002,
        0.16746387100500001,
        0.170928506005,
        0.180516915005,
        0.189148291005,
        0.169580229005
      ]
    }
  ]
}
