{
  "results": [
    {
      "command": "DEFER=true zsh -ic exit",
      "mean": 0.0710727071092857,
      "stddev": 0.004518167329600936,
      "median": 0.07038373989499999,
      "user": 0.05545966785714286,
      "system": 0.015854810000000004,
      "min": 0.062640971895,
      "max": 0.082119822895,
      "times": [
        0.070110319895,
        0.068851556895,
        0.072510348895,
        0.070408464895,
        0.073251880895,
        0.06524804989500001,
        0.076059740895,
        0.068303456895,
        0.071307895895,
        0.07309500989500001,
        0.068561924895,
        0.071272011895,
        0.073381872895,
        0.071741531895,
        0.065351106895,
        0.067480113895,
        0.067511225895,
        0.07248936089500001,
        0.074322485895,
        0.075920274895,
        0.067030347895,
        0.070346288895,
        0.072559183895,
        0.070359014895,
        0.066737482895,
        0.065791939895,
        0.065054817895,
        0.073635205895,
        0.062640971895,
        0.069877252895,
        0.068441006895,
        0.065744391895,
        0.072235691895,
        0.070286651895,
        0.066955865895,
        0.074734132895,
        0.076421965895,
        0.082119822895,
        0.067603152895,
        0.080240113895,
        0.077564206895,
        0.081495552895
      ]
    }
  ]
}
