{
  "results": [
    {
      "command": "DEFER=true zsh -ic exit",
      "mean": 0.0474577450225,
      "stddev": 0.005386409536021098,
      "median": 0.045886697085,
      "user": 0.03431425687500001,
      "system": 0.013979238749999996,
      "min": 0.040992372585,
      "max": 0.06429925158500001,
      "times": [
        0.045988123585,
        0.044646860585,
        0.042478222585,
        0.043172469585,
        0.044260264585,
        0.043581172585,
        0.060509177585000004,
        0.045240272585,
        0.046931918585,
        0.048597139585,
        0.052489376585,
        0.044505817585,
        0.045785270585,
        0.049603052585,
        0.049154865585,
        0.043553940585,
        0.045178579585,
        0.045531332585,
        0.047070005585,
        0.041741597585,
        0.043237396585,
        0.042051667585,
        0.044373124585,
        0.049518410585,
        0.042833523585,
        0.042745926585,
        0.044117737585,
        0.047341173585,
        0.042788791585,
        0.044421890585,
        0.047455654585,
        0.050456356585,
        0.042176161585,
        0.041245291585,
        0.043052186585,
        0.044807096585,
        0.050318553585,
        0.049086952585,
        0.051514322585,
        0.050124557585,
        0.051943397585,
        0.047609985585,
        0.046439332585,
        0.045713851585,
        0.058171477585,
        0.043957337585,
        0.060697998585,
        0.049658856585,
        0.042575067585,
        0.055636913585,
        0.046946137585,
        0.051810228585,
        0.055653824585,
        0.06429925158500001,
        0.050862003585,
        0.051334561585,
        0.063364563585,
        0.043780533585,
        0.040992372585,
        0.043816696585,
        0.041811531585,
        0.043746208585,
        0.046564657585,
        0.046222653585
      ]
    }
  ]
}
