{
  "results": [
    {
      "command": "DEFER=true zsh -ic exit",
      "mean": 0.656444998555,
      "stddev": 0.010475396648308336,
      "median": 0.655451703355,
      "user": 0.508473035,
      "system": 0.2449277,
      "min": 0.641558455355,
      "max": 0.678154556355,
      "times": [
        0.654978222355,
        0.678154556355,
        0.641558455355,
        0.6607010133550001,
        0.655925184355,
        0.6633871113550001,
        0.661520852355,
        0.643643749355,
        0.651340209355,
        0.6532406313550001
      ]
    }
  ]
}
